<?xml version="1.0" encoding="UTF-8"?><MD_Metadata xmlns:gts="http://www.isotc211.org/2005/gts" xmlns:gco="http://www.isotc211.org/2005/gco" xmlns:xalan="http://xml.apache.org/xalan" xmlns:srv="http://www.isotc211.org/2005/srv" xmlns:gmx="http://www.isotc211.org/2005/gmx" xmlns:xlink="http://www.w3.org/1999/xlink" xmlns:xsi="http://www.w3.org/2001/XMLSchema-instance" xmlns:gml="http://www.opengis.net/gml/3.2" xmlns="http://www.isotc211.org/2005/gmd">
    <fileIdentifier>
        <gco:CharacterString>1710420932297r7070617787322468</gco:CharacterString>
    </fileIdentifier>
    <characterSet>
        <MD_CharacterSetCode codeList="http://www.isotc211.org/2005/resources/Codelist/gmxCodelists.xml#MD_CharacterSetCode" codeListValue="utf8" codeSpace="ISOTC211/19115">utf8</MD_CharacterSetCode>
    </characterSet>
    <hierarchyLevel>
        <MD_ScopeCode codeList="http://www.isotc211.org/2005/resources/Codelist/gmxCodelists.xml#MD_ScopeCode" codeListValue="dataset" codeSpace="ISOTC211/19115">dataset</MD_ScopeCode>
    </hierarchyLevel>
    <hierarchyLevelName>
        <gco:CharacterString>dataset</gco:CharacterString>
    </hierarchyLevelName>
    <contact>
        <CI_ResponsibleParty>
            <role>
                <CI_RoleCode codeList="http://www.isotc211.org/2005/resources/Codelist/gmxCodelists.xml#CI_RoleCode" codeListValue="pointOfContact" codeSpace="ISOTC211/19115">pointOfContact</CI_RoleCode>
            </role>
        </CI_ResponsibleParty>
    </contact>
    <dateStamp>
        <gco:Date>2024-03-14</gco:Date>
    </dateStamp>
    <metadataStandardName>
        <gco:CharacterString>INSPIRE Metadata Implementing Rules: Technical Guidelines based on EN ISO 19115 and EN ISO 19119</gco:CharacterString>
    </metadataStandardName>
    <metadataStandardVersion>
        <gco:CharacterString>V. 2.0.1</gco:CharacterString>
    </metadataStandardVersion>
    <spatialRepresentationInfo>
        <MD_VectorSpatialRepresentation>
            <topologyLevel>
                <MD_TopologyLevelCode codeList="http://www.isotc211.org/2005/resources/Codelist/gmxCodelists.xml#MD_TopologyLevelCode" codeListValue="geometryOnly" codeSpace="ISOTC211/19115">geometryOnly</MD_TopologyLevelCode>
            </topologyLevel>
            <geometricObjects>
                <MD_GeometricObjects>
                    <geometricObjectType>
                        <MD_GeometricObjectTypeCode codeList="http://www.isotc211.org/2005/resources/Codelist/gmxCodelists.xml#MD_GeometricObjectTypeCode" codeListValue="point" codeSpace="ISOTC211/19115">point</MD_GeometricObjectTypeCode>
                    </geometricObjectType>
                </MD_GeometricObjects>
            </geometricObjects>
        </MD_VectorSpatialRepresentation>
    </spatialRepresentationInfo>
    <referenceSystemInfo>
        <MD_ReferenceSystem>
            <referenceSystemIdentifier>
                <RS_Identifier>
                    <code>
                        <gco:CharacterString>32633</gco:CharacterString>
                    </code>
                    <codeSpace>
                        <gco:CharacterString>EPSG</gco:CharacterString>
                    </codeSpace>
                    <version>
                        <gco:CharacterString>9.8.8(3.0.1)</gco:CharacterString>
                    </version>
                </RS_Identifier>
            </referenceSystemIdentifier>
        </MD_ReferenceSystem>
    </referenceSystemInfo>
    <identificationInfo>
        <MD_DataIdentification>
            <citation>
                <CI_Citation>
                    <title>
                        <gco:CharacterString>Stožáry veřejného osvětlení / Street lights</gco:CharacterString>
                    </title>
                    <date gco:nilReason="missing"/>
                    <presentationForm>
                        <CI_PresentationFormCode codeList="http://www.isotc211.org/2005/resources/Codelist/gmxCodelists.xml#CI_PresentationFormCode" codeListValue="mapDigital" codeSpace="ISOTC211/19115">mapDigital</CI_PresentationFormCode>
                    </presentationForm>
                </CI_Citation>
            </citation>
            <abstract>
                <gco:CharacterString>English description below. Bodová vrstva všech stožárů veřejného osvětlení v Brně. Data pocházejí od společnosti Technické sítě Brno a jsou aktualizována v půlročním intervalu (v březnu a září). Souřadnicový systém je GCS WGS84. Point layer of all street lighting poles in Brno. Source of the data is Technické sítě Brno company. The data is updated every half a year (march and september) and coordinate system is GCS WGS84.</gco:CharacterString>
            </abstract>
            <purpose>
                <gco:CharacterString>Bodová vrstva všech stožárů veřejného osvětlení v Brně.</gco:CharacterString>
            </purpose>
            <credit>
                <gco:CharacterString>data@brno.cz</gco:CharacterString>
            </credit>
            <pointOfContact>
                <CI_ResponsibleParty>
                    <organisationName>
                        <gco:CharacterString>Oddělení dat, analýz a evaluací, Magistrát města Brna</gco:CharacterString>
                    </organisationName>
                    <contactInfo>
                        <CI_Contact>
                            <address>
                                <CI_Address>
                                    <electronicMailAddress>
                                        <gco:CharacterString>data@brno.cz</gco:CharacterString>
                                    </electronicMailAddress>
                                </CI_Address>
                            </address>
                        </CI_Contact>
                    </contactInfo>
                    <role>
                        <CI_RoleCode codeList="http://www.isotc211.org/2005/resources/Codelist/gmxCodelists.xml#CI_RoleCode" codeListValue="pointOfContact" codeSpace="ISOTC211/19115">pointOfContact</CI_RoleCode>
                    </role>
                </CI_ResponsibleParty>
            </pointOfContact>
            <resourceMaintenance>
                <MD_MaintenanceInformation>
                    <maintenanceAndUpdateFrequency>
                        <MD_MaintenanceFrequencyCode codeList="http://www.isotc211.org/2005/resources/Codelist/gmxCodelists.xml#MD_MaintenanceFrequencyCode" codeListValue="biannually" codeSpace="ISOTC211/19115">biannually</MD_MaintenanceFrequencyCode>
                    </maintenanceAndUpdateFrequency>
                    <userDefinedMaintenanceFrequency>
                        <gts:TM_PeriodDuration>pololetní</gts:TM_PeriodDuration>
                    </userDefinedMaintenanceFrequency>
                </MD_MaintenanceInformation>
            </resourceMaintenance>
            <resourceConstraints>
                <MD_Constraints>
                    <useLimitation>
                        <gco:CharacterString>CC BY</gco:CharacterString>
                    </useLimitation>
                </MD_Constraints>
            </resourceConstraints>
            <resourceConstraints>
                <MD_LegalConstraints>
                    <useConstraints>
                        <MD_RestrictionCode codeList="http://www.isotc211.org/2005/resources/Codelist/gmxCodelists.xml#MD_RestrictionCode" codeListValue="otherRestrictions">otherRestrictions</MD_RestrictionCode>
                    </useConstraints>
                    <otherConstraints>
                        <gco:CharacterString>Other Constraints</gco:CharacterString>
                    </otherConstraints>
                </MD_LegalConstraints>
            </resourceConstraints>
            <resourceConstraints>
                <MD_LegalConstraints>
                    <accessConstraints>
                        <MD_RestrictionCode codeList="http://www.isotc211.org/2005/resources/Codelist/gmxCodelists.xml#MD_RestrictionCode" codeListValue="otherRestrictions" codeSpace="ISOTC211/19115">otherRestrictions</MD_RestrictionCode>
                    </accessConstraints>
                    <otherConstraints>
                        <gco:CharacterString>Other Constraints</gco:CharacterString>
                    </otherConstraints>
                </MD_LegalConstraints>
            </resourceConstraints>
            <resourceConstraints>
                <MD_LegalConstraints>
                    <useConstraints>
                        <MD_RestrictionCode codeList="http://www.isotc211.org/2005/resources/Codelist/gmxCodelists.xml#MD_RestrictionCode" codeListValue="otherRestrictions">otherRestrictions</MD_RestrictionCode>
                    </useConstraints>
                    <otherConstraints>
                        <gco:CharacterString>Other Constraints</gco:CharacterString>
                    </otherConstraints>
                </MD_LegalConstraints>
            </resourceConstraints>
            <resourceConstraints>
                <MD_LegalConstraints>
                    <useConstraints>
                        <MD_RestrictionCode codeList="http://www.isotc211.org/2005/resources/Codelist/gmxCodelists.xml#MD_RestrictionCode" codeListValue="otherRestrictions" codeSpace="ISOTC211/19115">otherRestrictions</MD_RestrictionCode>
                    </useConstraints>
                    <otherConstraints>
                        <gco:CharacterString>Other Constraints</gco:CharacterString>
                    </otherConstraints>
                </MD_LegalConstraints>
            </resourceConstraints>
            <resourceConstraints>
                <MD_LegalConstraints>
                    <useConstraints>
                        <MD_RestrictionCode codeList="http://www.isotc211.org/2005/resources/Codelist/gmxCodelists.xml#MD_RestrictionCode" codeListValue="otherRestrictions">otherRestrictions</MD_RestrictionCode>
                    </useConstraints>
                    <otherConstraints>
                        <gco:CharacterString>Other Constraints</gco:CharacterString>
                    </otherConstraints>
                </MD_LegalConstraints>
            </resourceConstraints>
            <resourceConstraints>
                <MD_LegalConstraints>
                    <accessConstraints>
                        <MD_RestrictionCode codeList="http://www.isotc211.org/2005/resources/Codelist/gmxCodelists.xml#MD_RestrictionCode" codeListValue="otherRestrictions" codeSpace="ISOTC211/19115">otherRestrictions</MD_RestrictionCode>
                    </accessConstraints>
                    <otherConstraints>
                        <gco:CharacterString>Other Constraints</gco:CharacterString>
                    </otherConstraints>
                </MD_LegalConstraints>
            </resourceConstraints>
            <resourceConstraints>
                <MD_LegalConstraints>
                    <useConstraints>
                        <MD_RestrictionCode codeList="http://www.isotc211.org/2005/resources/Codelist/gmxCodelists.xml#MD_RestrictionCode" codeListValue="otherRestrictions">otherRestrictions</MD_RestrictionCode>
                    </useConstraints>
                    <otherConstraints>
                        <gco:CharacterString>Other Constraints</gco:CharacterString>
                    </otherConstraints>
                </MD_LegalConstraints>
            </resourceConstraints>
            <resourceConstraints>
                <MD_LegalConstraints>
                    <useConstraints>
                        <MD_RestrictionCode codeList="http://www.isotc211.org/2005/resources/Codelist/gmxCodelists.xml#MD_RestrictionCode" codeListValue="otherRestrictions" codeSpace="ISOTC211/19115">otherRestrictions</MD_RestrictionCode>
                    </useConstraints>
                    <otherConstraints>
                        <gco:CharacterString>Other Constraints</gco:CharacterString>
                    </otherConstraints>
                </MD_LegalConstraints>
            </resourceConstraints>
            <resourceConstraints>
                <MD_LegalConstraints>
                    <useConstraints>
                        <MD_RestrictionCode codeList="http://www.isotc211.org/2005/resources/Codelist/gmxCodelists.xml#MD_RestrictionCode" codeListValue="otherRestrictions">otherRestrictions</MD_RestrictionCode>
                    </useConstraints>
                    <otherConstraints>
                        <gco:CharacterString>Other Constraints</gco:CharacterString>
                    </otherConstraints>
                </MD_LegalConstraints>
            </resourceConstraints>
            <resourceConstraints>
                <MD_LegalConstraints>
                    <accessConstraints>
                        <MD_RestrictionCode codeList="http://www.isotc211.org/2005/resources/Codelist/gmxCodelists.xml#MD_RestrictionCode" codeListValue="otherRestrictions" codeSpace="ISOTC211/19115">otherRestrictions</MD_RestrictionCode>
                    </accessConstraints>
                    <otherConstraints>
                        <gco:CharacterString>Other Constraints</gco:CharacterString>
                    </otherConstraints>
                </MD_LegalConstraints>
            </resourceConstraints>
            <resourceConstraints>
                <MD_LegalConstraints>
                    <useConstraints>
                        <MD_RestrictionCode codeList="http://www.isotc211.org/2005/resources/Codelist/gmxCodelists.xml#MD_RestrictionCode" codeListValue="otherRestrictions">otherRestrictions</MD_RestrictionCode>
                    </useConstraints>
                    <otherConstraints>
                        <gco:CharacterString>Other Constraints</gco:CharacterString>
                    </otherConstraints>
                </MD_LegalConstraints>
            </resourceConstraints>
            <resourceConstraints>
                <MD_LegalConstraints>
                    <useConstraints>
                        <MD_RestrictionCode codeList="http://www.isotc211.org/2005/resources/Codelist/gmxCodelists.xml#MD_RestrictionCode" codeListValue="otherRestrictions" codeSpace="ISOTC211/19115">otherRestrictions</MD_RestrictionCode>
                    </useConstraints>
                    <otherConstraints>
                        <gco:CharacterString>Other Constraints</gco:CharacterString>
                    </otherConstraints>
                </MD_LegalConstraints>
            </resourceConstraints>
            <spatialRepresentationType>
                <MD_SpatialRepresentationTypeCode codeList="http://www.isotc211.org/2005/resources/Codelist/gmxCodelists.xml#MD_SpatialRepresentationTypeCode" codeListValue="vector" codeSpace="ISOTC211/19115">vector</MD_SpatialRepresentationTypeCode>
            </spatialRepresentationType>
            <language>
                <gco:CharacterString>ces</gco:CharacterString>
            </language>
            <characterSet>
                <MD_CharacterSetCode codeList="http://www.isotc211.org/2005/resources/Codelist/gmxCodelists.xml#MD_CharacterSetCode" codeListValue="utf8" codeSpace="ISOTC211/19115">utf8</MD_CharacterSetCode>
            </characterSet>
            <environmentDescription>
                <gco:CharacterString>Esri ArcGIS 13.0.0.36056</gco:CharacterString>
            </environmentDescription>
            <extent>
                <EX_Extent>
                    <geographicElement>
                        <EX_GeographicDescription>
                            <geographicIdentifier>
                                <MD_Identifier>
                                    <code>
                                        <gco:CharacterString>582786</gco:CharacterString>
                                    </code>
                                </MD_Identifier>
                            </geographicIdentifier>
                        </EX_GeographicDescription>
                    </geographicElement>
                </EX_Extent>
            </extent>
        </MD_DataIdentification>
    </identificationInfo>
    <distributionInfo>
        <MD_Distribution>
            <distributionFormat>
                <MD_Format>
                    <name>
                        <gco:CharacterString>Enterprise Geodatabase Feature Class</gco:CharacterString>
                    </name>
                    <version gco:nilReason="missing"/>
                </MD_Format>
            </distributionFormat>
        </MD_Distribution>
    </distributionInfo>
    <metadataConstraints>
        <MD_Constraints>
            <useLimitation>
                <gco:CharacterString>CC BY</gco:CharacterString>
            </useLimitation>
        </MD_Constraints>
    </metadataConstraints>
</MD_Metadata>
