<?xml version="1.0" encoding="UTF-8"?><MD_Metadata xmlns:gts="http://www.isotc211.org/2005/gts" xmlns:gco="http://www.isotc211.org/2005/gco" xmlns:xalan="http://xml.apache.org/xalan" xmlns:srv="http://www.isotc211.org/2005/srv" xmlns:gmx="http://www.isotc211.org/2005/gmx" xmlns:xlink="http://www.w3.org/1999/xlink" xmlns:xsi="http://www.w3.org/2001/XMLSchema-instance" xmlns:gml="http://www.opengis.net/gml" xmlns="http://www.isotc211.org/2005/gmd">
    <language>
        <gco:CharacterString>ces</gco:CharacterString>
    </language>
    <characterSet>
        <MD_CharacterSetCode codeList="http://www.isotc211.org/2005/resources/Codelist/gmxCodelists.xml#MD_CharacterSetCode" codeListValue="utf8" codeSpace="ISOTC211/19115">utf8</MD_CharacterSetCode>
    </characterSet>
    <hierarchyLevel>
        <MD_ScopeCode codeList="http://www.isotc211.org/2005/resources/Codelist/gmxCodelists.xml#MD_ScopeCode" codeListValue="dataset" codeSpace="ISOTC211/19115">dataset</MD_ScopeCode>
    </hierarchyLevel>
    <hierarchyLevelName>
        <gco:CharacterString>dataset</gco:CharacterString>
    </hierarchyLevelName>
    <contact gco:nilReason="missing"/>
    <dateStamp>
        <gco:Date>2024-03-04</gco:Date>
    </dateStamp>
    <metadataStandardName>
        <gco:CharacterString>ISO 19139 Geographic Information - Metadata - Implementation Specification</gco:CharacterString>
    </metadataStandardName>
    <metadataStandardVersion>
        <gco:CharacterString>2007</gco:CharacterString>
    </metadataStandardVersion>
    <spatialRepresentationInfo>
        <MD_VectorSpatialRepresentation>
            <topologyLevel>
                <MD_TopologyLevelCode codeList="http://www.isotc211.org/2005/resources/Codelist/gmxCodelists.xml#MD_TopologyLevelCode" codeListValue="geometryOnly" codeSpace="ISOTC211/19115">geometryOnly</MD_TopologyLevelCode>
            </topologyLevel>
            <geometricObjects>
                <MD_GeometricObjects>
                    <geometricObjectType>
                        <MD_GeometricObjectTypeCode codeList="http://www.isotc211.org/2005/resources/Codelist/gmxCodelists.xml#MD_GeometricObjectTypeCode" codeListValue="composite" codeSpace="ISOTC211/19115">composite</MD_GeometricObjectTypeCode>
                    </geometricObjectType>
                </MD_GeometricObjects>
            </geometricObjects>
        </MD_VectorSpatialRepresentation>
    </spatialRepresentationInfo>
    <referenceSystemInfo>
        <MD_ReferenceSystem>
            <referenceSystemIdentifier>
                <RS_Identifier>
                    <code>
                        <gco:CharacterString>4326</gco:CharacterString>
                    </code>
                    <codeSpace>
                        <gco:CharacterString>EPSG</gco:CharacterString>
                    </codeSpace>
                    <version>
                        <gco:CharacterString>6.2(3.0.1)</gco:CharacterString>
                    </version>
                </RS_Identifier>
            </referenceSystemIdentifier>
        </MD_ReferenceSystem>
    </referenceSystemInfo>
    <identificationInfo>
        <MD_DataIdentification>
            <citation>
                <CI_Citation>
                    <title>
                        <gco:CharacterString>Úroveň hluku 2022 / ODAE_uroven_hluku_2022</gco:CharacterString>
                    </title>
                    <date gco:nilReason="missing"/>
                    <presentationForm>
                        <CI_PresentationFormCode codeList="http://www.isotc211.org/2005/resources/Codelist/gmxCodelists.xml#CI_PresentationFormCode" codeListValue="mapDigital" codeSpace="ISOTC211/19115">mapDigital</CI_PresentationFormCode>
                    </presentationForm>
                </CI_Citation>
            </citation>
            <abstract gco:nilReason="missing"/>
            <purpose>
                <gco:CharacterString>Polygonová vrstva úrovně hluku. Data pocházejí ze šetření ministerstva zdravotnictví z roku 2022.</gco:CharacterString>
            </purpose>
            <descriptiveKeywords>
                <MD_Keywords>
                    <keyword>
                        <gco:CharacterString>ODAE</gco:CharacterString>
                    </keyword>
                </MD_Keywords>
            </descriptiveKeywords>
            <spatialRepresentationType>
                <MD_SpatialRepresentationTypeCode codeList="http://www.isotc211.org/2005/resources/Codelist/gmxCodelists.xml#MD_SpatialRepresentationTypeCode" codeListValue="vector" codeSpace="ISOTC211/19115">vector</MD_SpatialRepresentationTypeCode>
            </spatialRepresentationType>
            <language>
                <gco:CharacterString>ces</gco:CharacterString>
            </language>
            <characterSet>
                <MD_CharacterSetCode codeList="http://www.isotc211.org/2005/resources/Codelist/gmxCodelists.xml#MD_CharacterSetCode" codeListValue="utf8" codeSpace="ISOTC211/19115">utf8</MD_CharacterSetCode>
            </characterSet>
            <environmentDescription>
                <gco:CharacterString>Esri ArcGIS 13.0.0.36056</gco:CharacterString>
            </environmentDescription>
            <extent>
                <EX_Extent>
                    <geographicElement>
                        <EX_GeographicBoundingBox>
                            <westBoundLongitude>
                                <gco:Decimal>16.4332400792664</gco:Decimal>
                            </westBoundLongitude>
                            <eastBoundLongitude>
                                <gco:Decimal>16.7565647198861</gco:Decimal>
                            </eastBoundLongitude>
                            <southBoundLatitude>
                                <gco:Decimal>49.1029732315296</gco:Decimal>
                            </southBoundLatitude>
                            <northBoundLatitude>
                                <gco:Decimal>49.3247345151859</gco:Decimal>
                            </northBoundLatitude>
                        </EX_GeographicBoundingBox>
                    </geographicElement>
                </EX_Extent>
            </extent>
        </MD_DataIdentification>
    </identificationInfo>
    <distributionInfo>
        <MD_Distribution>
            <distributionFormat>
                <MD_Format>
                    <name>
                        <gco:CharacterString>Enterprise Geodatabase Feature Class</gco:CharacterString>
                    </name>
                    <version gco:nilReason="missing"/>
                </MD_Format>
            </distributionFormat>
        </MD_Distribution>
    </distributionInfo>
</MD_Metadata>
